Pairs,I,D,BC
coelestinus/chlorocyanus,0.974447018991,0.823572647914,0.823572647914
coelestinus_0/chlorocyanus_0,0.993162169859,0.912632762695,0.912632762695
coelestinus_0/chlorocyanus_1,0.994861355153,0.926158406464,0.926158406464
coelestinus_1/chlorocyanus_0,0.991045065393,0.901112872666,0.901112872666
coelestinus_1/chlorocyanus_1,0.992673546459,0.907679256027,0.907679256027
