Pairs,I,D,BC
coelestinus/chlorocyanus,0.876067671825,0.664434251291,0.664434251291
coelestinus_0/chlorocyanus_0,0.997462321572,0.959268606162,0.959268606162
coelestinus_0/chlorocyanus_1,0.996958322296,0.957736374856,0.957736374856
coelestinus_1/chlorocyanus_0,0.996278465438,0.946404307007,0.946404307007
coelestinus_1/chlorocyanus_1,0.995815260851,0.945557653757,0.945557653757
