Pairs,I,D,BC
Anolis_chlorocyanus/Anolis_coelestinus,0.879372415932,0.669601460554,0.669601460554
Anolis_chlorocyanus/Anolis_coelestinus_0,0.870130043398,0.636562421479,0.636562421479
Anolis_chlorocyanus/Anolis_coelestinus_1,0.849071411193,0.608624137892,0.608624137892
Anolis_coelestinus/Anolis_chlorocyanus_0,0.899980196008,0.696142161145,0.696142161145
Anolis_coelestinus/Anolis_chlorocyanus_1,0.88828223755,0.679202480239,0.679202480239
